ligand_A,ligand_B,solvent_repeat_0_DG (kcal/mol),solvent_repeat_0_dDG (kcal/mol),solvent_repeat_0_smallest_overlap,solvent_repeat_1_DG (kcal/mol),solvent_repeat_1_dDG (kcal/mol),solvent_repeat_1_smallest_overlap,solvent_repeat_2_DG (kcal/mol),solvent_repeat_2_dDG (kcal/mol),solvent_repeat_2_smallest_overlap,complex_repeat_0_DG (kcal/mol),complex_repeat_0_dDG (kcal/mol),complex_repeat_0_smallest_overlap,complex_repeat_1_DG (kcal/mol),complex_repeat_1_dDG (kcal/mol),complex_repeat_1_smallest_overlap,complex_repeat_2_DG (kcal/mol),complex_repeat_2_dDG (kcal/mol),complex_repeat_2_smallest_overlap,partner_id,dataset_name,system group,system name
47,46,-10.54187726751497,0.0744032064948877,0.1431755791353144,-10.44012193804246,0.0809746615002934,0.142742345867453,-10.576783242338204,0.0815664996358295,0.1419938344900517,-11.18647920741762,0.1383967036384551,0.1328403085387648,-11.10515203317,0.1382359567186694,0.1330042095750983,-11.21475063953923,0.1522550899912629,0.1322067096355753,,,merck,pfkfb3
48,46,-13.965689915895975,0.142065409145403,0.138231288965441,-13.906205318571866,0.147554700474103,0.1406234628722197,-13.945685476491224,0.1412422608935682,0.1380438793395175,-13.230964075818802,0.2459191615779679,0.1153717624711549,-13.330745070384868,0.2268284889664605,0.1198044672643463,-13.641376512720395,0.254716415461219,0.1192381254185277,,,merck,pfkfb3
